<?xml version='1.0' encoding='utf-8'?>
<!-- ***************************************************************** -->
<!--                                                                   -->
<!-- Licensed Materials - Property of IBM                              -->
<!--                                                                   -->
<!-- 5724-L21                                                          -->
<!--                                                                   -->
<!-- Copyright IBM Corp. 2006  All Rights Reserved.                    -->
<!--                                                                   -->
<!-- US Government Users Restricted Rights - Use, duplication or       -->
<!-- disclosure restricted by GSA ADP Schedule Contract with           -->
<!-- IBM Corp.                                                         -->
<!--                                                                   -->
<!-- ***************************************************************** -->


<!--  WorkSpace Meta Data for WKPLC Registry  -->

<metadata>
	<metadata-name>WKPLC</metadata-name>
	<contexts>
		<context>
			<context-name>cells</context-name>
			<child-document-names>
				<child-document-name>Registry</child-document-name>
			</child-document-names>
		</context>
		<context>
			<context-name>nodes</context-name>
			<child-document-names>
				<child-document-name>Registry</child-document-name>
			</child-document-names>
		</context>
		<context>
			<context-name>servers</context-name>
			<child-document-names>
				<child-document-name>Registry</child-document-name>
			</child-document-names>
		</context>
	</contexts>
	
	<documents>
		<document>
      		<document-name>Registry</document-name>
      		<file-pattern>registry.xml</file-pattern>
      		<root-refobject-types>
        			<root-refobject-type>NodeCompRegistryCollection</root-refobject-type>
        			<root-refobject-type>CellCompRegistryCollection</root-refobject-type>
      		</root-refobject-types>
    		</document>
	</documents>
</metadata>
