<profileTemplate>
	<resourceBundle>
		<path>lib/wp.profile.resources.jar</path>
		<baseName>com.ibm.wps.profiletemplates.resourcebundle.PortalDmgrProfileTemplateResourceBundle</baseName>
	</resourceBundle>
	<name>Dmgr.name</name>
	<type>management</type>
	<version>0.0001</version>
	<shortDescription>Dmgr.shortDescription</shortDescription>
	<longDescription>Dmgr.longDescription</longDescription>
	<buildDate>06/02/05</buildDate>
	<isCreateTemplate>false</isCreateTemplate>
	<isAugmentTemplate>true</isAugmentTemplate>
    <isRepeatable>false</isRepeatable>
	<prerequisiteTemplate>../management</prerequisiteTemplate>
        <size>1</size>
</profileTemplate>
